target,rmse,mae,r2
bert_score_recall,0.018843670433442417,0.014250580562878711,0.8497430031635147
cosine_similarity,0.02883758192161747,0.020977678095473937,0.8966266321867932
golden_doi_mrr,0.021844720512315834,0.01738511835374624,0.9225523250547921
golden_doi_recall,0.025994107313853702,0.020265564832485466,0.963481323158016
numeric_recall,0.05913519530470625,0.046343670955667146,0.7403718364482452
rouge_l_recall,0.044839356719898076,0.035934572755341565,0.8733353632247801
scientific_fact_recall,0.05159524367830911,0.03735614795849515,0.9272378227994645
source_support_hit,0.01665940268237591,0.013090710953517035,0.8703680901847339
source_support_max_similarity,0.010047382500445404,0.0068402467059250115,0.9200050559353776
token_f1,0.008947856044707561,0.0068647484228975,0.8034090762313563
token_recall,0.049042428232055076,0.037623211034240094,0.8788478253505358
