model,target,rmse,mae,r2
HistGradientBoosting,bert_score_recall,0.01953260388595086,0.01461928243678278,0.8385552265172146
HistGradientBoosting,cosine_similarity,0.031394637045600755,0.0212791463554469,0.8774814309183814
HistGradientBoosting,golden_doi_mrr,0.021000840408753146,0.016652158150774397,0.9284204854980891
HistGradientBoosting,golden_doi_recall,0.025461058046059196,0.019246944067345968,0.9649637099879466
HistGradientBoosting,numeric_recall,0.061670757219783684,0.04793034059330169,0.7176301700571828
HistGradientBoosting,rouge_l_recall,0.04525994697518238,0.03585869120755575,0.8709480067259397
HistGradientBoosting,scientific_fact_recall,0.05202851448577845,0.036063314942640694,0.9260106517045134
HistGradientBoosting,source_support_hit,0.01588387302167831,0.011654938132709819,0.8821564326884933
HistGradientBoosting,source_support_max_similarity,0.010177915182474835,0.0068431432077781535,0.9179130117594395
HistGradientBoosting,token_f1,0.00922053188614765,0.0069654999063161254,0.7912447364431835
HistGradientBoosting,token_recall,0.04913948122077742,0.037838075697039994,0.8783678403437973
LightGBM,bert_score_recall,0.019392397418579923,0.014478342334418996,0.840864633034795
LightGBM,cosine_similarity,0.03045227963535701,0.020935421112630692,0.8847262023127196
LightGBM,golden_doi_mrr,0.020909678542586654,0.016320791824737536,0.9290405710961038
LightGBM,golden_doi_recall,0.02556337797611885,0.019110335076782472,0.964681544647634
LightGBM,numeric_recall,0.06196707170975798,0.04792224734291191,0.7149102008336268
LightGBM,rouge_l_recall,0.04478157758640811,0.03533800295617129,0.8736615881399206
LightGBM,scientific_fact_recall,0.05287749151705333,0.03751294844184162,0.9235763038119381
LightGBM,source_support_hit,0.016078917084749837,0.011882370013982119,0.8792445727198385
LightGBM,source_support_max_similarity,0.01018257470257091,0.00686938127404166,0.9178378345710196
LightGBM,token_f1,0.008995696400462268,0.006600541033723084,0.801301281496097
LightGBM,token_recall,0.049139336322607814,0.03724915193682066,0.8783685576591159
CatBoost,bert_score_recall,0.019792420809607136,0.014808816251215948,0.8342316799136483
CatBoost,cosine_similarity,0.030769226343298168,0.022701690977815034,0.8823141804684586
CatBoost,golden_doi_mrr,0.02204888441713343,0.017504402903165062,0.921097885714719
CatBoost,golden_doi_recall,0.025888570128988073,0.019824012554039545,0.96377725595857
CatBoost,numeric_recall,0.06113585604174234,0.04806328743499758,0.7225071957043725
CatBoost,rouge_l_recall,0.04634283455690582,0.03640095425501176,0.8646987456321136
CatBoost,scientific_fact_recall,0.05373783721965712,0.04043756106795703,0.9210691614564688
CatBoost,source_support_hit,0.016756994508146054,0.013187218559207386,0.8688448579035051
CatBoost,source_support_max_similarity,0.009734387986419004,0.006619103027015524,0.9249114062234249
CatBoost,token_f1,0.009770086322668042,0.007463525511790683,0.7656190618196768
CatBoost,token_recall,0.05130857604729148,0.03916055433451139,0.867392768705362
